Date,Adj Close,Close,High,Low,Open,Volume
2021-09-20,30.5,30.5,31.0,30.5,31.0,7340
2021-09-21,30.5,30.5,31.0,30.5,31.0,7340
2021-10-11,30.5,30.5,31.0,30.5,31.0,7340
2021-12-31,30.5,30.5,31.0,30.5,31.0,7340
2022-01-27,30.5,30.5,31.0,30.5,31.0,7340
2022-01-28,30.5,30.5,31.0,30.5,31.0,7340
2022-01-31,30.5,30.5,31.0,30.5,31.0,7340
2022-02-01,30.5,30.5,31.0,30.5,31.0,7340
2022-02-02,30.5,30.5,31.0,30.5,31.0,7340
2022-02-03,30.5,30.5,31.0,30.5,31.0,7340
2022-02-04,30.5,30.5,31.0,30.5,31.0,7340
2022-02-28,30.5,30.5,31.0,30.5,31.0,7340
2022-04-04,30.5,30.5,31.0,30.5,31.0,7340
2022-04-05,30.5,30.5,31.0,30.5,31.0,7340
2022-05-02,30.5,30.5,31.0,30.5,31.0,7340
2022-06-03,30.5,30.5,31.0,30.5,31.0,7340
2022-09-09,30.5,30.5,31.0,30.5,31.0,7340
2022-10-10,30.5,30.5,31.0,30.5,31.0,7340
2023-01-02,30.5,30.5,31.0,30.5,31.0,7340
2023-01-18,30.5,30.5,31.0,30.5,31.0,7340
2023-01-19,30.5,30.5,31.0,30.5,31.0,7340
2023-01-20,30.5,30.5,31.0,30.5,31.0,7340
2023-01-23,30.5,30.5,31.0,30.5,31.0,7340
2023-01-24,30.5,30.5,31.0,30.5,31.0,7340
2023-01-25,30.5,30.5,31.0,30.5,31.0,7340
2023-01-26,30.5,30.5,31.0,30.5,31.0,7340
2023-01-27,30.5,30.5,31.0,30.5,31.0,7340
2023-02-27,30.5,30.5,31.0,30.5,31.0,7340
2023-02-28,30.5,30.5,31.0,30.5,31.0,7340
2023-04-03,30.5,30.5,31.0,30.5,31.0,7340
2023-04-04,30.5,30.5,31.0,30.5,31.0,7340
2023-04-05,30.5,30.5,31.0,30.5,31.0,7340
2023-05-01,30.5,30.5,31.0,30.5,31.0,7340
2023-06-22,30.5,30.5,31.0,30.5,31.0,7340
2023-06-23,30.5,30.5,31.0,30.5,31.0,7340
2023-08-03,30.5,30.5,31.0,30.5,31.0,7340
2023-09-29,30.5,30.5,31.0,30.5,31.0,7340
2023-10-09,30.5,30.5,31.0,30.5,31.0,7340
2023-10-10,30.5,30.5,31.0,30.5,31.0,7340
2024-01-01,30.5,30.5,31.0,30.5,31.0,7340
2024-02-06,30.5,30.5,31.0,30.5,31.0,7340
2024-02-07,30.5,30.5,31.0,30.5,31.0,7340
2024-02-08,30.5,30.5,31.0,30.5,31.0,7340
2024-02-09,30.5,30.5,31.0,30.5,31.0,7340
2024-02-12,30.5,30.5,31.0,30.5,31.0,7340
2024-02-13,30.5,30.5,31.0,30.5,31.0,7340
2024-02-14,30.5,30.5,31.0,30.5,31.0,7340
2024-02-28,30.5,30.5,31.0,30.5,31.0,7340
2024-04-04,30.5,30.5,31.0,30.5,31.0,7340
2024-04-05,30.5,30.5,31.0,30.5,31.0,7340
2024-05-01,30.5,30.5,31.0,30.5,31.0,7340
2024-06-10,30.5,30.5,31.0,30.5,31.0,7340
2024-07-24,30.5,30.5,31.0,30.5,31.0,7340
2024-07-25,30.5,30.5,31.0,30.5,31.0,7340
2024-09-17,30.5,30.5,31.0,30.5,31.0,7340
2024-10-02,30.5,30.5,31.0,30.5,31.0,7340
2024-10-03,30.5,30.5,31.0,30.5,31.0,7340
2024-10-10,30.5,30.5,31.0,30.5,31.0,7340
2024-10-31,30.5,30.5,31.0,30.5,31.0,7340
2025-01-01,30.5,30.5,31.0,30.5,31.0,7340
2025-01-23,30.5,30.5,31.0,30.5,31.0,7340
2025-01-24,30.5,30.5,31.0,30.5,31.0,7340
2025-01-27,30.5,30.5,31.0,30.5,31.0,7340
2025-01-28,30.5,30.5,31.0,30.5,31.0,7340
2025-01-29,30.5,30.5,31.0,30.5,31.0,7340
2025-01-30,30.5,30.5,31.0,30.5,31.0,7340
2025-01-31,30.5,30.5,31.0,30.5,31.0,7340
2025-02-28,30.5,30.5,31.0,30.5,31.0,7340
2025-04-03,30.5,30.5,31.0,30.5,31.0,7340
2025-04-04,30.5,30.5,31.0,30.5,31.0,7340
2025-05-01,30.5,30.5,31.0,30.5,31.0,7340
2025-05-30,30.5,30.5,31.0,30.5,31.0,7340
2025-09-29,30.5,30.5,31.0,30.5,31.0,7340
2025-10-06,30.5,30.5,31.0,30.5,31.0,7340
2025-10-10,30.5,30.5,31.0,30.5,31.0,7340
2025-10-24,30.5,30.5,31.0,30.5,31.0,7340
2025-12-17,44.75,44.75,46.95,41.55,44.0,630000
2025-12-18,40.7,40.7,43.7,40.5,43.7,270000
2025-12-19,38.6,38.6,40.6,38.15,40.6,292000
2025-12-22,39.35,39.35,39.65,37.7,38.5,124000
2025-12-23,38.5,38.5,38.9,38.15,38.75,46000
2025-12-24,37.5,37.5,38.5,37.5,38.2,88000
2025-12-25,30.5,30.5,31.0,30.5,31.0,7340
2025-12-26,38.0,38.0,38.5,36.5,37.6,84000
2025-12-29,37.1,37.1,37.7,37.05,37.5,58000
2025-12-30,36.1,36.1,36.9,35.5,36.9,81000
2025-12-31,35.95,35.95,36.15,35.7,36.15,57000
2026-01-01,30.5,30.5,31.0,30.5,31.0,7340
2026-01-02,38.2,38.2,38.4,35.6,35.95,82000
2026-01-05,37.5,37.5,38.15,36.9,38.15,67000
2026-01-06,36.7,36.7,37.5,36.7,37.5,29000
2026-01-07,36.65,36.65,36.7,36.35,36.5,25000
2026-01-08,35.8,35.8,36.7,35.8,36.7,56000
2026-01-09,37.5,37.5,37.95,35.8,35.95,50000
2026-01-12,37.3,37.3,37.7,36.9,37.6,55000
2026-01-13,36.5,36.5,37.2,36.5,37.2,10000
2026-01-14,36.65,36.65,37.15,36.4,36.5,15000
2026-01-15,37.85,37.85,38.05,36.8,36.8,101000
2026-01-16,37.9,37.9,38.0,37.25,38.0,66000
2026-01-19,37.4,37.4,37.9,36.6,37.9,27000
2026-01-20,36.9,36.9,37.4,36.9,37.0,21000
2026-01-21,37.0,37.0,37.3,36.9,37.0,89000
2026-01-22,36.9,36.9,37.5,36.8,37.5,28000
2026-01-23,36.6,36.6,36.95,36.6,36.95,20000
2026-01-26,36.2,36.2,36.5,36.1,36.1,50000
2026-01-27,36.05,36.05,36.45,36.0,36.05,39000
2026-01-28,35.8,35.8,36.1,35.7,36.1,34000
2026-01-29,36.35,36.35,36.35,35.6,35.75,18000
2026-01-30,36.8,36.8,36.8,35.7,36.0,54000
2026-02-02,34.8,34.8,36.2,34.5,35.8,70000
2026-02-03,34.95,34.95,35.95,34.6,35.75,34000
2026-02-04,34.95,34.95,35.6,34.7,34.95,16000
2026-02-05,34.7,34.7,34.95,34.6,34.6,22000
2026-02-06,37.45,37.45,38.1,35.5,38.1,143000
2026-02-09,36.45,36.45,37.85,36.45,37.0,32000
2026-02-10,35.85,35.85,36.45,35.2,35.5,85000
2026-02-11,36.05,36.05,37.5,35.5,35.5,21000
2026-02-12,30.5,30.5,31.0,30.5,31.0,7340
2026-02-13,30.5,30.5,31.0,30.5,31.0,7340
2026-02-16,30.5,30.5,31.0,30.5,31.0,7340
2026-02-17,30.5,30.5,31.0,30.5,31.0,7340
2026-02-18,30.5,30.5,31.0,30.5,31.0,7340
2026-02-19,30.5,30.5,31.0,30.5,31.0,7340
2026-02-20,30.5,30.5,31.0,30.5,31.0,7340
2026-02-23,35.6,35.6,37.0,35.55,36.05,17000
2026-02-24,35.95,35.95,36.4,35.05,35.1,24000
2026-02-25,35.0,35.0,35.3,34.6,35.3,43000
2026-02-26,35.55,35.55,35.55,35.0,35.0,13000
2026-02-27,30.5,30.5,31.0,30.5,31.0,7340
2026-03-02,36.9,36.9,36.9,35.35,35.45,56000
2026-03-03,35.5,35.5,36.8,35.5,36.8,12000
2026-03-04,35.4,35.4,36.7,34.6,36.7,16000
2026-03-05,35.05,35.05,36.45,34.75,35.4,32000
2026-03-06,34.8,34.8,34.85,34.6,34.85,23000
2026-03-09,35.2,35.2,35.4,34.0,34.5,18000
2026-03-10,35.2,35.2,35.5,35.2,35.5,4000
2026-03-11,35.0,35.0,35.0,34.4,35.0,7000
2026-03-12,35.05,35.05,35.15,34.95,34.95,8000
2026-03-13,34.9,34.9,35.0,34.85,35.0,12000
2026-03-16,34.75,34.75,34.9,34.75,34.9,13000
2026-03-17,34.6,34.6,34.8,34.15,34.5,26000
2026-03-18,34.35,34.35,34.7,34.3,34.3,19000
2026-03-19,34.6,34.6,34.65,34.15,34.35,13000
2026-03-20,34.15,34.15,34.6,34.1,34.6,16000
2026-03-23,34.0,34.0,34.0,34.0,34.0,9000
2026-03-24,34.0,34.0,34.0,33.85,34.0,17000
2026-03-25,34.1,34.1,34.2,34.05,34.05,13000
2026-03-26,33.9,33.9,34.0,33.9,34.0,5000
2026-03-27,35.4,35.4,35.4,34.3,34.55,23000
2026-03-30,34.7,34.7,35.9,34.7,35.85,14000
2026-03-31,34.65,34.65,34.65,34.3,34.3,4000
2026-04-01,34.8,34.8,35.45,34.4,34.5,8000
2026-04-02,34.45,34.45,34.45,33.95,34.2,8000
2026-04-03,30.5,30.5,31.0,30.5,31.0,7340
2026-04-06,30.5,30.5,31.0,30.5,31.0,7340
2026-04-07,34.0,34.0,34.55,33.95,34.0,10000
2026-04-08,34.1,34.1,34.1,34.0,34.0,9000
2026-04-09,34.05,34.05,34.05,34.05,34.05,2000
2026-04-10,33.8,33.8,33.8,33.8,33.8,5000
2026-04-13,33.6,33.6,33.6,33.3,33.5,16000
2026-04-14,34.3,34.3,34.3,33.6,33.6,17000
2026-04-15,34.15,34.15,34.15,33.4,33.5,8000
2026-04-16,34.7,34.7,34.75,34.6,34.75,18000
2026-04-17,35.0,35.0,35.85,34.7,34.7,9000
2026-04-20,35.2,35.2,35.4,35.0,35.0,4000
2026-04-21,35.3,35.3,35.75,34.45,35.75,16000
2026-04-22,35.35,35.35,35.5,34.65,34.7,22000
2026-04-23,35.55,35.55,35.7,34.7,35.6,31000
2026-04-24,35.15,35.15,35.25,34.9,34.95,17000
2026-04-27,35.2,35.2,35.3,35.0,35.15,17000
2026-04-28,35.2,35.2,36.1,35.2,36.1,31000
2026-04-29,35.45,35.45,36.05,35.05,36.05,8000
2026-04-30,34.55,34.55,35.4,34.55,35.4,6000
2026-05-01,30.5,30.5,31.0,30.5,31.0,7340
2026-05-04,34.95,34.95,35.05,34.0,34.25,43000
2026-05-05,34.7,34.7,34.8,34.3,34.3,8000
2026-05-06,34.65,34.65,34.65,34.0,34.3,8000
2026-05-07,34.0,34.0,34.35,34.0,34.1,15000
2026-05-08,34.4,34.4,34.6,34.0,34.5,13000
2026-05-11,33.9,33.9,34.4,33.9,34.4,17000
2026-05-12,33.45,33.45,34.2,33.35,33.4,14000
2026-05-13,34.35,34.35,34.35,34.1,34.1,3000
2026-05-14,33.7,33.7,33.9,33.2,33.9,23000
2026-05-15,33.6,33.6,33.7,33.4,33.7,8000
2026-05-18,33.45,33.45,33.65,33.05,33.65,20000
2026-05-19,33.45,33.45,33.5,33.3,33.3,7000
2026-05-20,33.1,33.1,33.4,33.0,33.05,14000
2026-05-21,33.35,33.35,33.4,33.0,33.15,23000
2026-05-22,32.8,32.8,33.75,32.8,33.05,38000
2026-05-25,33.1,33.1,33.35,33.1,33.35,17000
2026-05-26,33.35,33.35,33.35,33.1,33.1,3000
2026-05-27,33.35,33.35,33.4,33.3,33.4,8000
2026-05-28,32.85,32.85,33.4,32.85,33.4,10000
2026-05-29,33.15,33.15,33.45,33.15,33.35,17000
2026-06-01,33.35,33.35,33.35,33.15,33.2,16000
2026-06-02,33.5,33.5,33.7,33.3,33.3,24000
2026-06-03,34.0,34.0,34.2,33.85,34.2,16000
2026-06-04,33.95,33.95,34.2,33.95,34.2,3000
2026-06-05,34.7,34.7,34.9,33.65,33.65,17000
2026-06-08,33.9,33.9,33.9,33.75,33.75,14000
2026-06-09,33.9,33.9,34.0,33.8,33.8,4000
2026-06-10,34.2,34.2,35.2,34.2,34.8,14000
2026-06-11,34.8,34.8,34.8,34.8,34.8,2000
2026-06-12,34.8,34.8,35.0,34.8,34.8,17000
2026-06-15,35.0,35.0,35.8,34.6,34.65,21000
2026-06-16,35.25,35.25,35.25,35.25,35.25,1000
2026-06-17,33.35,33.35,34.3,33.2,34.3,90000
2026-06-18,33.4,33.4,33.8,33.35,33.35,29000
2026-06-19,30.5,30.5,31.0,30.5,31.0,7340
2026-06-22,33.4,33.4,33.4,33.1,33.4,26000
2026-06-23,33.25,33.25,33.6,33.25,33.6,8000
2026-06-24,34.0,34.0,34.0,33.1,33.25,39000
2026-06-25,32.55,32.55,33.05,32.5,33.05,24000
2026-06-26,32.15,32.15,32.15,32.15,32.15,1000
2026-06-29,32.3,32.3,33.5,32.3,33.1,8000
2026-06-30,32.6,32.6,33.35,32.3,32.3,6000
2026-07-01,32.7,32.7,32.7,32.6,32.6,7000
2026-07-02,33.15,33.15,33.15,32.35,32.35,8000
2026-07-03,32.55,32.55,33.0,32.5,32.6,8000
2026-07-06,32.85,32.85,32.85,32.25,32.55,8000
2026-07-08,32.75,32.75,32.75,32.0,32.1,15000
2026-07-09,33.0,33.0,33.5,33.0,33.1,41000
2026-07-10,30.5,30.5,31.0,30.5,31.0,7340
2026-07-13,32.75,32.75,32.75,32.75,32.75,1000
2026-07-14,33.3,33.3,33.5,33.1,33.1,6000
2026-07-15,32.75,32.75,33.0,32.3,33.0,7000
2026-07-20,32.1,32.1,32.1,32.1,32.1,2000
2026-07-21,32.5,32.5,32.5,31.1,32.2,14000
2026-07-22,32.15,32.15,32.9,32.15,32.9,3000
2026-07-23,32.15,32.15,32.15,32.15,32.15,1000
2026-07-24,31.45,31.45,31.5,31.45,31.5,4000
2026-07-27,31.0,31.0,31.0,30.7,30.7,5000
2026-07-28,30.05,30.05,31.45,30.0,31.0,24000
2026-07-29,29.4,29.4,30.0,29.3,30.0,8000
2026-07-31,30.45,30.45,30.45,29.7,29.7,8000
2026-08-03,31.1,31.1,31.1,31.1,31.1,1000
2026-08-05,31.5,31.5,31.5,31.15,31.45,8000
2026-08-06,31.4,31.4,31.4,29.6,29.6,26000
2026-08-07,31.8,31.8,31.95,31.0,31.95,14000
2026-08-10,31.9,31.9,32.1,31.8,31.8,9000
2026-08-11,31.8,31.8,31.8,31.25,31.25,2000
2026-08-12,31.1,31.1,31.1,31.1,31.1,3000
2026-08-13,30.95,30.95,31.1,30.95,31.1,11000
2026-08-17,30.4,30.4,30.95,30.4,30.95,7000
2026-08-18,31.55,31.55,31.55,31.55,31.55,1000
2026-08-19,30.5,30.5,30.5,30.5,30.5,5000
2026-08-20,31.0,31.0,31.0,30.1,30.1,8000
2026-08-21,30.5,30.5,31.0,30.5,31.0,7000
2026-08-24,30.5,30.5,30.5,30.5,30.5,5310
